position	ref	alt	af	allele_count
73	A	G	0.9156	188196
146	T	C	0.4521	92947
150	C	T	0.1432	29441
152	T	C	0.3287	67582
182	C	T	0.0312	6415
185	G	A	0.0487	10012
189	A	G	0.1023	21029
195	T	C	0.2841	58399
198	C	T	0.0156	3207
204	T	C	0.0423	8695
207	G	A	0.0312	6415
228	G	A	0.0187	3844
263	A	G	0.9812	201695
295	C	T	0.0523	10750
302	A	C	0.0645	13258
309	C	T	0.0312	6415
310	T	C	0.0567	11656
316	G	A	0.0089	1830
456	C	T	0.0201	4132
462	C	T	0.0178	3660
477	T	C	0.0523	10750
489	T	C	0.0878	18048
499	G	A	0.0067	1377
709	G	A	0.1612	33138
750	A	G	0.9934	204202
769	G	A	0.0045	925
1018	G	A	0.0034	699
1040	C	T	0.0023	473
1189	T	C	0.0312	6415
1243	T	C	0.0478	9827
1438	A	G	0.9867	202825
1719	G	A	0.0945	19425
1811	A	G	0.0312	6415
1888	G	A	0.0089	1830
2706	A	G	0.6234	128140
2758	G	A	0.0034	699
3010	G	A	0.1523	31303
3106	C	N	0.0001	21
3197	T	C	0.0312	6415
3243	A	G	0.0002	41
3394	T	C	0.0067	1377
3460	G	A	0.00005	10
3505	A	G	0.0134	2754
3915	G	A	0.0023	473
3992	C	T	0.0156	3207
4216	T	C	0.1812	37248
4580	G	A	0.0089	1830
4769	A	G	0.9856	202599
4917	A	G	0.0789	16220
5178	C	A	0.0623	12805
5460	G	A	0.0312	6415
5656	A	G	0.0012	247
6221	T	C	0.0023	473
6371	C	T	0.0045	925
6776	T	C	0.0067	1377
7028	C	T	0.4023	82713
7256	C	T	0.0034	699
7444	G	A	0.0156	3207
7445	A	G	0.00008	16
7472	C	T	0.00003	6
8251	G	A	0.0045	925
8344	A	G	0.00004	8
8356	T	C	0.00002	4
8527	T	C	0.00006	12
8697	G	A	0.0178	3660
8860	A	G	0.9789	201230
8993	T	G	0.00003	6
8993	T	C	0.00002	4
9055	G	A	0.0312	6415
9477	G	A	0.0178	3660
9540	T	C	0.0312	6415
10398	A	G	0.3456	71055
10400	C	T	0.1234	25372
10550	A	G	0.0023	473
10873	T	C	0.2345	48205
11251	A	G	0.2812	57803
11467	A	G	0.2145	44094
11719	G	A	0.5012	103047
11778	G	A	0.00005	10
11812	A	G	0.0023	473
12308	A	G	0.2134	43868
12372	G	A	0.2012	41360
12705	C	T	0.3145	64656
13513	G	A	0.00003	6
13617	T	C	0.0178	3660
13708	G	A	0.0689	14163
14182	T	C	0.0089	1830
14459	G	A	0.00004	8
14470	T	C	0.0023	473
14484	T	C	0.00006	12
14766	C	T	0.6123	125858
14793	A	G	0.0567	11656
14798	T	C	0.0312	6415
15043	G	A	0.0178	3660
15218	A	G	0.0623	12805
15257	G	A	0.0089	1830
15301	G	A	0.0734	15088
15326	A	G	0.9823	201921
15452	C	A	0.0945	19425
15607	A	G	0.0134	2754
15928	G	A	0.0312	6415
16069	C	T	0.0523	10750
16093	T	C	0.0734	15088
16126	T	C	0.0945	19425
16129	G	A	0.0312	6415
16172	T	C	0.0312	6415
16183	A	C	0.0523	10750
16189	T	C	0.1812	37248
16217	T	C	0.0312	6415
16223	C	T	0.3567	73337
16224	T	C	0.0178	3660
16256	C	T	0.0312	6415
16270	C	T	0.0523	10750
16278	C	T	0.0312	6415
16292	C	T	0.0089	1830
16293	A	G	0.0067	1377
16294	C	T	0.0312	6415
16295	C	T	0.0067	1377
16304	T	C	0.0312	6415
16311	T	C	0.1234	25372
16319	G	A	0.0178	3660
16356	T	C	0.0312	6415
16362	T	C	0.0734	15088
16390	G	A	0.0178	3660
16391	G	A	0.0045	925
16399	A	G	0.0178	3660
16519	T	C	0.5234	107611
